"entrez_id","gene_symbol","pathway"
"10327","AKR1A1","Glycolysis"
"124","ADH1A","Glycolysis"
"125","ADH1B","Glycolysis"
"126","ADH1C","Glycolysis"
"127","ADH4","Glycolysis"
"128","ADH5","Glycolysis"
"130","ADH6","Glycolysis"
"130589","GALM","Glycolysis"
"131","ADH7","Glycolysis"
"160287","LDHAL6A","Glycolysis"
"1737","DLAT","Glycolysis"
"1738","DLD","Glycolysis"
"2023","ENO1","Glycolysis"
"2026","ENO2","Glycolysis"
"2027","ENO3","Glycolysis"
"217","ALDH2","Glycolysis"
"218","ALDH3A1","Glycolysis"
"219","ALDH1B1","Glycolysis"
"2203","FBP1","Glycolysis"
"221","ALDH3B1","Glycolysis"
"222","ALDH3B2","Glycolysis"
"223","ALDH9A1","Glycolysis"
"224","ALDH3A2","Glycolysis"
"226","ALDOA","Glycolysis"
"229","ALDOB","Glycolysis"
"230","ALDOC","Glycolysis"
"2538","G6PC1","Glycolysis"
"2597","GAPDH","Glycolysis"
"26330","GAPDHS","Glycolysis"
"2645","GCK","Glycolysis"
"2821","GPI","Glycolysis"
"3098","HK1","Glycolysis"
"3099","HK2","Glycolysis"
"3101","HK3","Glycolysis"
"387712","ENO4","Glycolysis"
"3939","LDHA","Glycolysis"
"3945","LDHB","Glycolysis"
"3948","LDHC","Glycolysis"
"441531","PGAM4","Glycolysis"
"501","ALDH7A1","Glycolysis"
"5105","PCK1","Glycolysis"
"5106","PCK2","Glycolysis"
"5160","PDHA1","Glycolysis"
"5161","PDHA2","Glycolysis"
"5162","PDHB","Glycolysis"
"5211","PFKL","Glycolysis"
"5213","PFKM","Glycolysis"
"5214","PFKP","Glycolysis"
"5223","PGAM1","Glycolysis"
"5224","PGAM2","Glycolysis"
"5230","PGK1","Glycolysis"
"5232","PGK2","Glycolysis"
"5236","PGM1","Glycolysis"
"5313","PKLR","Glycolysis"
"5315","PKM","Glycolysis"
"55276","PGM2","Glycolysis"
"55902","ACSS2","Glycolysis"
"57818","G6PC2","Glycolysis"
"669","BPGM","Glycolysis"
"7167","TPI1","Glycolysis"
"80201","HKDC1","Glycolysis"
"83440","ADPGK","Glycolysis"
"84532","ACSS1","Glycolysis"
"8789","FBP2","Glycolysis"
"92483","LDHAL6B","Glycolysis"
"92579","G6PC3","Glycolysis"
"9562","MINPP1","Glycolysis"
"1431","CS","TCA_cycle"
"1737","DLAT","TCA_cycle"
"1738","DLD","TCA_cycle"
"1743","DLST","TCA_cycle"
"2271","FH","TCA_cycle"
"3417","IDH1","TCA_cycle"
"3418","IDH2","TCA_cycle"
"3419","IDH3A","TCA_cycle"
"3420","IDH3B","TCA_cycle"
"3421","IDH3G","TCA_cycle"
"4190","MDH1","TCA_cycle"
"4191","MDH2","TCA_cycle"
"47","ACLY","TCA_cycle"
"48","ACO1","TCA_cycle"
"4967","OGDH","TCA_cycle"
"50","ACO2","TCA_cycle"
"5091","PC","TCA_cycle"
"5105","PCK1","TCA_cycle"
"5106","PCK2","TCA_cycle"
"5160","PDHA1","TCA_cycle"
"5161","PDHA2","TCA_cycle"
"5162","PDHB","TCA_cycle"
"55753","OGDHL","TCA_cycle"
"6389","SDHA","TCA_cycle"
"6390","SDHB","TCA_cycle"
"6391","SDHC","TCA_cycle"
"6392","SDHD","TCA_cycle"
"8801","SUCLG2","TCA_cycle"
"8802","SUCLG1","TCA_cycle"
"8803","SUCLA2","TCA_cycle"
"10327","AKR1A1","Pyruvate"
"10873","ME3","Pyruvate"
"124","ADH1A","Pyruvate"
"125","ADH1B","Pyruvate"
"126","ADH1C","Pyruvate"
"127","ADH4","Pyruvate"
"128","ADH5","Pyruvate"
"130","ADH6","Pyruvate"
"131","ADH7","Pyruvate"
"134526","ACOT12","Pyruvate"
"160287","LDHAL6A","Pyruvate"
"1737","DLAT","Pyruvate"
"1738","DLD","Pyruvate"
"197257","LDHD","Pyruvate"
"217","ALDH2","Pyruvate"
"219","ALDH1B1","Pyruvate"
"223","ALDH9A1","Pyruvate"
"224","ALDH3A2","Pyruvate"
"2271","FH","Pyruvate"
"2739","GLO1","Pyruvate"
"3029","HAGH","Pyruvate"
"31","ACACA","Pyruvate"
"32","ACACB","Pyruvate"
"38","ACAT1","Pyruvate"
"39","ACAT2","Pyruvate"
"3939","LDHA","Pyruvate"
"3945","LDHB","Pyruvate"
"3948","LDHC","Pyruvate"
"4190","MDH1","Pyruvate"
"4191","MDH2","Pyruvate"
"4199","ME1","Pyruvate"
"4200","ME2","Pyruvate"
"501","ALDH7A1","Pyruvate"
"5091","PC","Pyruvate"
"5105","PCK1","Pyruvate"
"5106","PCK2","Pyruvate"
"5160","PDHA1","Pyruvate"
"5161","PDHA2","Pyruvate"
"5162","PDHB","Pyruvate"
"5313","PKLR","Pyruvate"
"5315","PKM","Pyruvate"
"55902","ACSS2","Pyruvate"
"84532","ACSS1","Pyruvate"
"92483","LDHAL6B","Pyruvate"
"9380","GRHPR","Pyruvate"
"97","ACYP1","Pyruvate"
"98","ACYP2","Pyruvate"
"10000","AKT3","Central_carbon_in_cancer"
"110117499","P3R3URF-PIK3R3","Central_carbon_in_cancer"
"160287","LDHAL6A","Central_carbon_in_cancer"
"1956","EGFR","Central_carbon_in_cancer"
"2064","ERBB2","Central_carbon_in_cancer"
"207","AKT1","Central_carbon_in_cancer"
"208","AKT2","Central_carbon_in_cancer"
"2260","FGFR1","Central_carbon_in_cancer"
"2261","FGFR3","Central_carbon_in_cancer"
"2263","FGFR2","Central_carbon_in_cancer"
"2322","FLT3","Central_carbon_in_cancer"
"23410","SIRT3","Central_carbon_in_cancer"
"2475","MTOR","Central_carbon_in_cancer"
"2539","G6PD","Central_carbon_in_cancer"
"2645","GCK","Central_carbon_in_cancer"
"27165","GLS2","Central_carbon_in_cancer"
"2744","GLS","Central_carbon_in_cancer"
"3091","HIF1A","Central_carbon_in_cancer"
"3098","HK1","Central_carbon_in_cancer"
"3099","HK2","Central_carbon_in_cancer"
"3101","HK3","Central_carbon_in_cancer"
"3265","HRAS","Central_carbon_in_cancer"
"3417","IDH1","Central_carbon_in_cancer"
"3418","IDH2","Central_carbon_in_cancer"
"3815","KIT","Central_carbon_in_cancer"
"3845","KRAS","Central_carbon_in_cancer"
"3939","LDHA","Central_carbon_in_cancer"
"3945","LDHB","Central_carbon_in_cancer"
"3948","LDHC","Central_carbon_in_cancer"
"4233","MET","Central_carbon_in_cancer"
"441531","PGAM4","Central_carbon_in_cancer"
"4609","MYC","Central_carbon_in_cancer"
"4893","NRAS","Central_carbon_in_cancer"
"4914","NTRK1","Central_carbon_in_cancer"
"4916","NTRK3","Central_carbon_in_cancer"
"51548","SIRT6","Central_carbon_in_cancer"
"5156","PDGFRA","Central_carbon_in_cancer"
"5159","PDGFRB","Central_carbon_in_cancer"
"5160","PDHA1","Central_carbon_in_cancer"
"5161","PDHA2","Central_carbon_in_cancer"
"5162","PDHB","Central_carbon_in_cancer"
"5163","PDK1","Central_carbon_in_cancer"
"5211","PFKL","Central_carbon_in_cancer"
"5213","PFKM","Central_carbon_in_cancer"
"5214","PFKP","Central_carbon_in_cancer"
"5223","PGAM1","Central_carbon_in_cancer"
"5224","PGAM2","Central_carbon_in_cancer"
"5290","PIK3CA","Central_carbon_in_cancer"
"5291","PIK3CB","Central_carbon_in_cancer"
"5293","PIK3CD","Central_carbon_in_cancer"
"5295","PIK3R1","Central_carbon_in_cancer"
"5296","PIK3R2","Central_carbon_in_cancer"
"5315","PKM","Central_carbon_in_cancer"
"5594","MAPK1","Central_carbon_in_cancer"
"5595","MAPK3","Central_carbon_in_cancer"
"5604","MAP2K1","Central_carbon_in_cancer"
"5605","MAP2K2","Central_carbon_in_cancer"
"57103","TIGAR","Central_carbon_in_cancer"
"5728","PTEN","Central_carbon_in_cancer"
"5894","RAF1","Central_carbon_in_cancer"
"5979","RET","Central_carbon_in_cancer"
"6510","SLC1A5","Central_carbon_in_cancer"
"6513","SLC2A1","Central_carbon_in_cancer"
"6514","SLC2A2","Central_carbon_in_cancer"
"7157","TP53","Central_carbon_in_cancer"
"80201","HKDC1","Central_carbon_in_cancer"
"8140","SLC7A5","Central_carbon_in_cancer"
"8503","PIK3R3","Central_carbon_in_cancer"
"9123","SLC16A3","Central_carbon_in_cancer"
"92483","LDHAL6B","Central_carbon_in_cancer"
"9997","SCO2","Central_carbon_in_cancer"
"132158","GLYCTK","Pentose_phosphate"
"2203","FBP1","Pentose_phosphate"
"221823","PRPS1L1","Pentose_phosphate"
"226","ALDOA","Pentose_phosphate"
"229","ALDOB","Pentose_phosphate"
"22934","RPIA","Pentose_phosphate"
"230","ALDOC","Pentose_phosphate"
"23729","SHPK","Pentose_phosphate"
"2539","G6PD","Pentose_phosphate"
"25796","PGLS","Pentose_phosphate"
"2821","GPI","Pentose_phosphate"
"414328","IDNK","Pentose_phosphate"
"51071","DERA","Pentose_phosphate"
"5211","PFKL","Pentose_phosphate"
"5213","PFKM","Pentose_phosphate"
"5214","PFKP","Pentose_phosphate"
"5226","PGD","Pentose_phosphate"
"5236","PGM1","Pentose_phosphate"
"55276","PGM2","Pentose_phosphate"
"5631","PRPS1","Pentose_phosphate"
"5634","PRPS2","Pentose_phosphate"
"6120","RPE","Pentose_phosphate"
"64080","RBKS","Pentose_phosphate"
"6888","TALDO1","Pentose_phosphate"
"7086","TKT","Pentose_phosphate"
"729020","RPEL1","Pentose_phosphate"
"8277","TKTL1","Pentose_phosphate"
"84076","TKTL2","Pentose_phosphate"
"8789","FBP2","Pentose_phosphate"
"9104","RGN","Pentose_phosphate"
"9563","H6PD","Pentose_phosphate"
"197258","FCSK","Fructose_mannose"
"2203","FBP1","Fructose_mannose"
"226","ALDOA","Fructose_mannose"
"229","ALDOB","Fructose_mannose"
"230","ALDOC","Fructose_mannose"
"231","AKR1B1","Fructose_mannose"
"26007","TKFC","Fructose_mannose"
"2762","GMDS","Fructose_mannose"
"29925","GMPPB","Fructose_mannose"
"29926","GMPPA","Fructose_mannose"
"3098","HK1","Fructose_mannose"
"3099","HK2","Fructose_mannose"
"3101","HK3","Fructose_mannose"
"3795","KHK","Fructose_mannose"
"4351","MPI","Fructose_mannose"
"441282","AKR1B15","Fructose_mannose"
"5207","PFKFB1","Fructose_mannose"
"5208","PFKFB2","Fructose_mannose"
"5209","PFKFB3","Fructose_mannose"
"5210","PFKFB4","Fructose_mannose"
"5211","PFKL","Fructose_mannose"
"5213","PFKM","Fructose_mannose"
"5214","PFKP","Fructose_mannose"
"5372","PMM1","Fructose_mannose"
"5373","PMM2","Fructose_mannose"
"55556","ENOSF1","Fructose_mannose"
"57016","AKR1B10","Fructose_mannose"
"57103","TIGAR","Fructose_mannose"
"6652","SORD","Fructose_mannose"
"7167","TPI1","Fructose_mannose"
"7264","GFUS","Fructose_mannose"
"80201","HKDC1","Fructose_mannose"
"8789","FBP2","Fructose_mannose"
"8790","FPGT","Fructose_mannose"
"122622","ADSS1","Alanine_Aspartate_Glutamate"
"1373","CPS1","Alanine_Aspartate_Glutamate"
"137362","GOT1L1","Alanine_Aspartate_Glutamate"
"158","ADSL","Alanine_Aspartate_Glutamate"
"159","ADSS2","Alanine_Aspartate_Glutamate"
"18","ABAT","Alanine_Aspartate_Glutamate"
"189","AGXT","Alanine_Aspartate_Glutamate"
"2346","FOLH1","Alanine_Aspartate_Glutamate"
"2571","GAD1","Alanine_Aspartate_Glutamate"
"2572","GAD2","Alanine_Aspartate_Glutamate"
"259307","IL4I1","Alanine_Aspartate_Glutamate"
"2673","GFPT1","Alanine_Aspartate_Glutamate"
"27165","GLS2","Alanine_Aspartate_Glutamate"
"2744","GLS","Alanine_Aspartate_Glutamate"
"2746","GLUD1","Alanine_Aspartate_Glutamate"
"2747","GLUD2","Alanine_Aspartate_Glutamate"
"2752","GLUL","Alanine_Aspartate_Glutamate"
"2805","GOT1","Alanine_Aspartate_Glutamate"
"2806","GOT2","Alanine_Aspartate_Glutamate"
"284716","RIMKLA","Alanine_Aspartate_Glutamate"
"2875","GPT","Alanine_Aspartate_Glutamate"
"339983","NAT8L","Alanine_Aspartate_Glutamate"
"435","ASL","Alanine_Aspartate_Glutamate"
"440","ASNS","Alanine_Aspartate_Glutamate"
"443","ASPA","Alanine_Aspartate_Glutamate"
"445","ASS1","Alanine_Aspartate_Glutamate"
"5471","PPAT","Alanine_Aspartate_Glutamate"
"56954","NIT2","Alanine_Aspartate_Glutamate"
"57494","RIMKLB","Alanine_Aspartate_Glutamate"
"64902","AGXT2","Alanine_Aspartate_Glutamate"
"790","CAD","Alanine_Aspartate_Glutamate"
"7915","ALDH5A1","Alanine_Aspartate_Glutamate"
"80150","ASRGL1","Alanine_Aspartate_Glutamate"
"84706","GPT2","Alanine_Aspartate_Glutamate"
"8528","DDO","Alanine_Aspartate_Glutamate"
"8659","ALDH4A1","Alanine_Aspartate_Glutamate"
"9945","GFPT2","Alanine_Aspartate_Glutamate"
"112483","SAT2","Arginine_Proline"
"112817","HOGA1","Arginine_Proline"
"112849","L3HYPDH","Arginine_Proline"
"113451","AZIN2","Arginine_Proline"
"1152","CKB","Arginine_Proline"
"1158","CKM","Arginine_Proline"
"1159","CKMT1B","Arginine_Proline"
"1160","CKMT2","Arginine_Proline"
"137362","GOT1L1","Arginine_Proline"
"1610","DAO","Arginine_Proline"
"217","ALDH2","Arginine_Proline"
"219","ALDH1B1","Arginine_Proline"
"223","ALDH9A1","Arginine_Proline"
"224","ALDH3A2","Arginine_Proline"
"2593","GAMT","Arginine_Proline"
"26","AOC1","Arginine_Proline"
"262","AMD1","Arginine_Proline"
"2628","GATM","Arginine_Proline"
"2805","GOT1","Arginine_Proline"
"2806","GOT2","Arginine_Proline"
"283208","P4HA3","Arginine_Proline"
"29920","PYCR2","Arginine_Proline"
"383","ARG1","Arginine_Proline"
"384","ARG2","Arginine_Proline"
"4128","MAOA","Arginine_Proline"
"4129","MAOB","Arginine_Proline"
"4842","NOS1","Arginine_Proline"
"4843","NOS2","Arginine_Proline"
"4846","NOS3","Arginine_Proline"
"4942","OAT","Arginine_Proline"
"4953","ODC1","Arginine_Proline"
"501","ALDH7A1","Arginine_Proline"
"5033","P4HA1","Arginine_Proline"
"51056","LAP3","Arginine_Proline"
"54498","SMOX","Arginine_Proline"
"548596","CKMT1A","Arginine_Proline"
"55748","CNDP2","Arginine_Proline"
"5625","PRODH","Arginine_Proline"
"57571","CARNS1","Arginine_Proline"
"5831","PYCR1","Arginine_Proline"
"5832","ALDH18A1","Arginine_Proline"
"58510","PRODH2","Arginine_Proline"
"6303","SAT1","Arginine_Proline"
"65263","PYCR3","Arginine_Proline"
"6611","SMS","Arginine_Proline"
"6723","SRM","Arginine_Proline"
"79814","AGMAT","Arginine_Proline"
"84735","CNDP1","Arginine_Proline"
"8659","ALDH4A1","Arginine_Proline"
"8974","P4HA2","Arginine_Proline"
"100526760","ABHD14A-ACY1","Arginine_biosynthesis"
"1373","CPS1","Arginine_biosynthesis"
"137362","GOT1L1","Arginine_biosynthesis"
"162417","NAGS","Arginine_biosynthesis"
"27165","GLS2","Arginine_biosynthesis"
"2744","GLS","Arginine_biosynthesis"
"2746","GLUD1","Arginine_biosynthesis"
"2747","GLUD2","Arginine_biosynthesis"
"2752","GLUL","Arginine_biosynthesis"
"2805","GOT1","Arginine_biosynthesis"
"2806","GOT2","Arginine_biosynthesis"
"2875","GPT","Arginine_biosynthesis"
"383","ARG1","Arginine_biosynthesis"
"384","ARG2","Arginine_biosynthesis"
"435","ASL","Arginine_biosynthesis"
"445","ASS1","Arginine_biosynthesis"
"4842","NOS1","Arginine_biosynthesis"
"4843","NOS2","Arginine_biosynthesis"
"4846","NOS3","Arginine_biosynthesis"
"5009","OTC","Arginine_biosynthesis"
"790","CAD","Arginine_biosynthesis"
"84706","GPT2","Arginine_biosynthesis"
"95","ACY1","Arginine_biosynthesis"
"102724560","LOC102724560","Cysteine_Methionine"
"1036","CDO1","Cysteine_Methionine"
"10768","AHCYL1","Cysteine_Methionine"
"10993","SDS","Cysteine_Methionine"
"113675","SDSL","Cysteine_Methionine"
"137362","GOT1L1","Cysteine_Methionine"
"144811","LACC1","Cysteine_Methionine"
"1491","CTH","Cysteine_Methionine"
"160287","LDHAL6A","Cysteine_Methionine"
"1786","DNMT1","Cysteine_Methionine"
"1788","DNMT3A","Cysteine_Methionine"
"1789","DNMT3B","Cysteine_Methionine"
"191","AHCY","Cysteine_Methionine"
"23382","AHCYL2","Cysteine_Methionine"
"23743","BHMT2","Cysteine_Methionine"
"259307","IL4I1","Cysteine_Methionine"
"262","AMD1","Cysteine_Methionine"
"26227","PHGDH","Cysteine_Methionine"
"27232","GNMT","Cysteine_Methionine"
"2729","GCLC","Cysteine_Methionine"
"2730","GCLM","Cysteine_Methionine"
"27430","MAT2B","Cysteine_Methionine"
"2805","GOT1","Cysteine_Methionine"
"2806","GOT2","Cysteine_Methionine"
"2937","GSS","Cysteine_Methionine"
"29968","PSAT1","Cysteine_Methionine"
"3939","LDHA","Cysteine_Methionine"
"3945","LDHB","Cysteine_Methionine"
"3948","LDHC","Cysteine_Methionine"
"4143","MAT1A","Cysteine_Methionine"
"4144","MAT2A","Cysteine_Methionine"
"4190","MDH1","Cysteine_Methionine"
"4191","MDH2","Cysteine_Methionine"
"4357","MPST","Cysteine_Methionine"
"4507","MTAP","Cysteine_Methionine"
"4548","MTR","Cysteine_Methionine"
"51074","APIP","Cysteine_Methionine"
"55256","ADI1","Cysteine_Methionine"
"56267","KYAT3","Cysteine_Methionine"
"58478","ENOPH1","Cysteine_Methionine"
"586","BCAT1","Cysteine_Methionine"
"587","BCAT2","Cysteine_Methionine"
"635","BHMT","Cysteine_Methionine"
"64902","AGXT2","Cysteine_Methionine"
"6611","SMS","Cysteine_Methionine"
"6723","SRM","Cysteine_Methionine"
"6898","TAT","Cysteine_Methionine"
"7263","TST","Cysteine_Methionine"
"84245","MRI1","Cysteine_Methionine"
"875","CBS","Cysteine_Methionine"
"883","KYAT1","Cysteine_Methionine"
"92483","LDHAL6B","Cysteine_Methionine"
"102724560","LOC102724560","Gly_Ser_Thr"
"10993","SDS","Gly_Ser_Thr"
"113675","SDSL","Gly_Ser_Thr"
"124908081","LOC124908081","Gly_Ser_Thr"
"132158","GLYCTK","Gly_Ser_Thr"
"1491","CTH","Gly_Ser_Thr"
"1610","DAO","Gly_Ser_Thr"
"1738","DLD","Gly_Ser_Thr"
"1757","SARDH","Gly_Ser_Thr"
"189","AGXT","Gly_Ser_Thr"
"211","ALAS1","Gly_Ser_Thr"
"212","ALAS2","Gly_Ser_Thr"
"23464","GCAT","Gly_Ser_Thr"
"2593","GAMT","Gly_Ser_Thr"
"26227","PHGDH","Gly_Ser_Thr"
"2628","GATM","Gly_Ser_Thr"
"2653","GCSH","Gly_Ser_Thr"
"27232","GNMT","Gly_Ser_Thr"
"2731","GLDC","Gly_Ser_Thr"
"275","AMT","Gly_Ser_Thr"
"29958","DMGDH","Gly_Ser_Thr"
"29968","PSAT1","Gly_Ser_Thr"
"314","AOC2","Gly_Ser_Thr"
"4128","MAOA","Gly_Ser_Thr"
"4129","MAOB","Gly_Ser_Thr"
"441531","PGAM4","Gly_Ser_Thr"
"501","ALDH7A1","Gly_Ser_Thr"
"51268","PIPOX","Gly_Ser_Thr"
"5223","PGAM1","Gly_Ser_Thr"
"5224","PGAM2","Gly_Ser_Thr"
"55349","CHDH","Gly_Ser_Thr"
"5723","PSPH","Gly_Ser_Thr"
"635","BHMT","Gly_Ser_Thr"
"63826","SRR","Gly_Ser_Thr"
"6470","SHMT1","Gly_Ser_Thr"
"6472","SHMT2","Gly_Ser_Thr"
"64902","AGXT2","Gly_Ser_Thr"
"669","BPGM","Gly_Ser_Thr"
"8639","AOC3","Gly_Ser_Thr"
"875","CBS","Gly_Ser_Thr"
"9380","GRHPR","Gly_Ser_Thr"
"10841","FTCD","Histidine"
"131669","UROC1","Histidine"
"138199","CARNMT1","Histidine"
"144193","AMDHD1","Histidine"
"217","ALDH2","Histidine"
"218","ALDH3A1","Histidine"
"219","ALDH1B1","Histidine"
"221","ALDH3B1","Histidine"
"222","ALDH3B2","Histidine"
"223","ALDH9A1","Histidine"
"224","ALDH3A2","Histidine"
"26","AOC1","Histidine"
"3034","HAL","Histidine"
"3067","HDC","Histidine"
"3176","HNMT","Histidine"
"4128","MAOA","Histidine"
"4129","MAOB","Histidine"
"443","ASPA","Histidine"
"501","ALDH7A1","Histidine"
"55748","CNDP2","Histidine"
"57571","CARNS1","Histidine"
"84735","CNDP1","Histidine"
"10157","AASS","Lysine_degradation"
"10919","EHMT2","Lysine_degradation"
"11105","PRDM7","Lysine_degradation"
"123688","HYKK","Lysine_degradation"
"150572","SMYD1","Lysine_degradation"
"1738","DLD","Lysine_degradation"
"1743","DLST","Lysine_degradation"
"1892","ECHS1","Lysine_degradation"
"1962","EHHADH","Lysine_degradation"
"2122","MECOM","Lysine_degradation"
"2145","EZH1","Lysine_degradation"
"2146","EZH2","Lysine_degradation"
"217","ALDH2","Lysine_degradation"
"219","ALDH1B1","Lysine_degradation"
"223","ALDH9A1","Lysine_degradation"
"224","ALDH3A2","Lysine_degradation"
"23067","SETD1B","Lysine_degradation"
"23127","COLGALT2","Lysine_degradation"
"2639","GCDH","Lysine_degradation"
"29072","SETD2","Lysine_degradation"
"3030","HADHA","Lysine_degradation"
"3033","HADH","Lysine_degradation"
"38","ACAT1","Lysine_degradation"
"387893","KMT5A","Lysine_degradation"
"39","ACAT2","Lysine_degradation"
"4297","KMT2A","Lysine_degradation"
"501","ALDH7A1","Lysine_degradation"
"51111","KMT5B","Lysine_degradation"
"51166","AADAT","Lysine_degradation"
"51268","PIPOX","Lysine_degradation"
"5351","PLOD1","Lysine_degradation"
"5352","PLOD2","Lysine_degradation"
"54904","NSD3","Lysine_degradation"
"55217","TMLHE","Lysine_degradation"
"55526","DHTKD1","Lysine_degradation"
"55870","ASH1L","Lysine_degradation"
"55904","KMT2E","Lysine_degradation"
"56950","SMYD2","Lysine_degradation"
"56979","PRDM9","Lysine_degradation"
"58508","KMT2C","Lysine_degradation"
"63976","PRDM16","Lysine_degradation"
"6419","SETMAR","Lysine_degradation"
"64324","NSD1","Lysine_degradation"
"64754","SMYD3","Lysine_degradation"
"6839","SUV39H1","Lysine_degradation"
"7468","NSD2","Lysine_degradation"
"7799","PRDM2","Lysine_degradation"
"79709","COLGALT1","Lysine_degradation"
"79723","SUV39H2","Lysine_degradation"
"79813","EHMT1","Lysine_degradation"
"79823","CAMKMT","Lysine_degradation"
"8085","KMT2D","Lysine_degradation"
"80854","SETD7","Lysine_degradation"
"83852","SETDB2","Lysine_degradation"
"8424","BBOX1","Lysine_degradation"
"84444","DOT1L","Lysine_degradation"
"84787","KMT5C","Lysine_degradation"
"85007","PHYKPL","Lysine_degradation"
"8985","PLOD3","Lysine_degradation"
"93166","PRDM6","Lysine_degradation"
"9739","SETD1A","Lysine_degradation"
"9757","KMT2B","Lysine_degradation"
"9869","SETDB1","Lysine_degradation"
"124","ADH1A","Tyrosine"
"125","ADH1B","Tyrosine"
"126","ADH1C","Tyrosine"
"127","ADH4","Tyrosine"
"128","ADH5","Tyrosine"
"130","ADH6","Tyrosine"
"131","ADH7","Tyrosine"
"1312","COMT","Tyrosine"
"137362","GOT1L1","Tyrosine"
"1621","DBH","Tyrosine"
"1638","DCT","Tyrosine"
"1644","DDC","Tyrosine"
"218","ALDH3A1","Tyrosine"
"2184","FAH","Tyrosine"
"220074","LRTOMT","Tyrosine"
"221","ALDH3B1","Tyrosine"
"222","ALDH3B2","Tyrosine"
"259307","IL4I1","Tyrosine"
"2805","GOT1","Tyrosine"
"2806","GOT2","Tyrosine"
"2954","GSTZ1","Tyrosine"
"3081","HGD","Tyrosine"
"314","AOC2","Tyrosine"
"316","AOX1","Tyrosine"
"3242","HPD","Tyrosine"
"4128","MAOA","Tyrosine"
"4129","MAOB","Tyrosine"
"4282","MIF","Tyrosine"
"5409","PNMT","Tyrosine"
"6898","TAT","Tyrosine"
"7054","TH","Tyrosine"
"7173","TPO","Tyrosine"
"7299","TYR","Tyrosine"
"7306","TYRP1","Tyrosine"
"81889","FAHD1","Tyrosine"
"8639","AOC3","Tyrosine"
"10449","ACAA2","Val_Leu_Ile"
"11112","HIBADH","Val_Leu_Ile"
"1629","DBT","Val_Leu_Ile"
"1738","DLD","Val_Leu_Ile"
"18","ABAT","Val_Leu_Ile"
"1892","ECHS1","Val_Leu_Ile"
"1962","EHHADH","Val_Leu_Ile"
"197322","ACSF3","Val_Leu_Ile"
"217","ALDH2","Val_Leu_Ile"
"219","ALDH1B1","Val_Leu_Ile"
"223","ALDH9A1","Val_Leu_Ile"
"224","ALDH3A2","Val_Leu_Ile"
"259307","IL4I1","Val_Leu_Ile"
"26275","HIBCH","Val_Leu_Ile"
"27034","ACAD8","Val_Leu_Ile"
"30","ACAA1","Val_Leu_Ile"
"3028","HSD17B10","Val_Leu_Ile"
"3030","HADHA","Val_Leu_Ile"
"3032","HADHB","Val_Leu_Ile"
"3033","HADH","Val_Leu_Ile"
"3155","HMGCL","Val_Leu_Ile"
"3157","HMGCS1","Val_Leu_Ile"
"3158","HMGCS2","Val_Leu_Ile"
"316","AOX1","Val_Leu_Ile"
"34","ACADM","Val_Leu_Ile"
"35","ACADS","Val_Leu_Ile"
"36","ACADSB","Val_Leu_Ile"
"3712","IVD","Val_Leu_Ile"
"38","ACAT1","Val_Leu_Ile"
"39","ACAT2","Val_Leu_Ile"
"4329","ALDH6A1","Val_Leu_Ile"
"4594","MMUT","Val_Leu_Ile"
"501","ALDH7A1","Val_Leu_Ile"
"5019","OXCT1","Val_Leu_Ile"
"5095","PCCA","Val_Leu_Ile"
"5096","PCCB","Val_Leu_Ile"
"54511","HMGCLL1","Val_Leu_Ile"
"549","AUH","Val_Leu_Ile"
"56922","MCCC1","Val_Leu_Ile"
"586","BCAT1","Val_Leu_Ile"
"587","BCAT2","Val_Leu_Ile"
"593","BCKDHA","Val_Leu_Ile"
"594","BCKDHB","Val_Leu_Ile"
"64064","OXCT2","Val_Leu_Ile"
"64087","MCCC2","Val_Leu_Ile"
"64902","AGXT2","Val_Leu_Ile"
"65985","AACS","Val_Leu_Ile"
"84693","MCEE","Val_Leu_Ile"
"11185","INMT","Tryptophan"
"121278","TPH2","Tryptophan"
"125061","AFMID","Tryptophan"
"130013","ACMSD","Tryptophan"
"15","AANAT","Tryptophan"
"1543","CYP1A1","Tryptophan"
"1544","CYP1A2","Tryptophan"
"1545","CYP1B1","Tryptophan"
"1644","DDC","Tryptophan"
"169355","IDO2","Tryptophan"
"1738","DLD","Tryptophan"
"1743","DLST","Tryptophan"
"1892","ECHS1","Tryptophan"
"1962","EHHADH","Tryptophan"
"217","ALDH2","Tryptophan"
"219","ALDH1B1","Tryptophan"
"223","ALDH9A1","Tryptophan"
"224","ALDH3A2","Tryptophan"
"23498","HAAO","Tryptophan"
"259307","IL4I1","Tryptophan"
"26","AOC1","Tryptophan"
"2639","GCDH","Tryptophan"
"3030","HADHA","Tryptophan"
"3033","HADH","Tryptophan"
"316","AOX1","Tryptophan"
"3620","IDO1","Tryptophan"
"38","ACAT1","Tryptophan"
"39","ACAT2","Tryptophan"
"4128","MAOA","Tryptophan"
"4129","MAOB","Tryptophan"
"438","ASMT","Tryptophan"
"501","ALDH7A1","Tryptophan"
"51166","AADAT","Tryptophan"
"55526","DHTKD1","Tryptophan"
"56267","KYAT3","Tryptophan"
"64577","ALDH8A1","Tryptophan"
"6999","TDO2","Tryptophan"
"7166","TPH1","Tryptophan"
"847","CAT","Tryptophan"
"8564","KMO","Tryptophan"
"883","KYAT1","Tryptophan"
"8942","KYNU","Tryptophan"
"137362","GOT1L1","Phenylalanine"
"1644","DDC","Phenylalanine"
"218","ALDH3A1","Phenylalanine"
"221","ALDH3B1","Phenylalanine"
"222","ALDH3B2","Phenylalanine"
"259307","IL4I1","Phenylalanine"
"2805","GOT1","Phenylalanine"
"2806","GOT2","Phenylalanine"
"314","AOC2","Phenylalanine"
"3242","HPD","Phenylalanine"
"4128","MAOA","Phenylalanine"
"4129","MAOB","Phenylalanine"
"4282","MIF","Phenylalanine"
"5053","PAH","Phenylalanine"
"6898","TAT","Phenylalanine"
"8639","AOC3","Phenylalanine"
"11238","CA5B","Nitrogen"
"1373","CPS1","Nitrogen"
"23632","CA14","Nitrogen"
"2746","GLUD1","Nitrogen"
"2747","GLUD2","Nitrogen"
"2752","GLUL","Nitrogen"
"377677","CA13","Nitrogen"
"759","CA1","Nitrogen"
"760","CA2","Nitrogen"
"761","CA3","Nitrogen"
"762","CA4","Nitrogen"
"763","CA5A","Nitrogen"
"765","CA6","Nitrogen"
"766","CA7","Nitrogen"
"767","CA8","Nitrogen"
"768","CA9","Nitrogen"
"771","CA12","Nitrogen"
"10449","ACAA2","Fatty_acid_degradation"
"10455","ECI2","Fatty_acid_degradation"
"113612","CYP2U1","Fatty_acid_degradation"
"124","ADH1A","Fatty_acid_degradation"
"125","ADH1B","Fatty_acid_degradation"
"126","ADH1C","Fatty_acid_degradation"
"126129","CPT1C","Fatty_acid_degradation"
"127","ADH4","Fatty_acid_degradation"
"128","ADH5","Fatty_acid_degradation"
"130","ADH6","Fatty_acid_degradation"
"131","ADH7","Fatty_acid_degradation"
"1374","CPT1A","Fatty_acid_degradation"
"1375","CPT1B","Fatty_acid_degradation"
"1376","CPT2","Fatty_acid_degradation"
"1632","ECI1","Fatty_acid_degradation"
"1892","ECHS1","Fatty_acid_degradation"
"1962","EHHADH","Fatty_acid_degradation"
"217","ALDH2","Fatty_acid_degradation"
"2180","ACSL1","Fatty_acid_degradation"
"2181","ACSL3","Fatty_acid_degradation"
"2182","ACSL4","Fatty_acid_degradation"
"219","ALDH1B1","Fatty_acid_degradation"
"223","ALDH9A1","Fatty_acid_degradation"
"224","ALDH3A2","Fatty_acid_degradation"
"23205","ACSBG1","Fatty_acid_degradation"
"23305","ACSL6","Fatty_acid_degradation"
"2639","GCDH","Fatty_acid_degradation"
"30","ACAA1","Fatty_acid_degradation"
"3030","HADHA","Fatty_acid_degradation"
"3032","HADHB","Fatty_acid_degradation"
"3033","HADH","Fatty_acid_degradation"
"33","ACADL","Fatty_acid_degradation"
"34","ACADM","Fatty_acid_degradation"
"35","ACADS","Fatty_acid_degradation"
"36","ACADSB","Fatty_acid_degradation"
"37","ACADVL","Fatty_acid_degradation"
"38","ACAT1","Fatty_acid_degradation"
"39","ACAT2","Fatty_acid_degradation"
"501","ALDH7A1","Fatty_acid_degradation"
"51","ACOX1","Fatty_acid_degradation"
"51703","ACSL5","Fatty_acid_degradation"
"81616","ACSBG2","Fatty_acid_degradation"
"8310","ACOX3","Fatty_acid_degradation"
"10449","ACAA2","Fatty_acid_elongation"
"10965","ACOT2","Fatty_acid_elongation"
"11332","ACOT7","Fatty_acid_elongation"
"117145","THEM4","Fatty_acid_elongation"
"122970","ACOT4","Fatty_acid_elongation"
"153364","MBLAC2","Fatty_acid_elongation"
"1892","ECHS1","Fatty_acid_elongation"
"201562","HACD2","Fatty_acid_elongation"
"284486","THEM5","Fatty_acid_elongation"
"3030","HADHA","Fatty_acid_elongation"
"3032","HADHB","Fatty_acid_elongation"
"3033","HADH","Fatty_acid_elongation"
"401494","HACD4","Fatty_acid_elongation"
"51102","MECR","Fatty_acid_elongation"
"51144","HSD17B12","Fatty_acid_elongation"
"51495","HACD3","Fatty_acid_elongation"
"54898","ELOVL2","Fatty_acid_elongation"
"5538","PPT1","Fatty_acid_elongation"
"60481","ELOVL5","Fatty_acid_elongation"
"641371","ACOT1","Fatty_acid_elongation"
"64834","ELOVL1","Fatty_acid_elongation"
"6785","ELOVL4","Fatty_acid_elongation"
"79071","ELOVL6","Fatty_acid_elongation"
"79993","ELOVL7","Fatty_acid_elongation"
"83401","ELOVL3","Fatty_acid_elongation"
"9200","HACD1","Fatty_acid_elongation"
"9374","PPT2","Fatty_acid_elongation"
"9524","TECR","Fatty_acid_elongation"
"109703458","HTD2","Fatty_acid_biosynthesis"
"197322","ACSF3","Fatty_acid_biosynthesis"
"2180","ACSL1","Fatty_acid_biosynthesis"
"2181","ACSL3","Fatty_acid_biosynthesis"
"2182","ACSL4","Fatty_acid_biosynthesis"
"2194","FASN","Fatty_acid_biosynthesis"
"23205","ACSBG1","Fatty_acid_biosynthesis"
"23305","ACSL6","Fatty_acid_biosynthesis"
"27349","MCAT","Fatty_acid_biosynthesis"
"31","ACACA","Fatty_acid_biosynthesis"
"32","ACACB","Fatty_acid_biosynthesis"
"51102","MECR","Fatty_acid_biosynthesis"
"51703","ACSL5","Fatty_acid_biosynthesis"
"54995","OXSM","Fatty_acid_biosynthesis"
"55301","OLAH","Fatty_acid_biosynthesis"
"7923","HSD17B8","Fatty_acid_biosynthesis"
"81616","ACSBG2","Fatty_acid_biosynthesis"
"84869","CBR4","Fatty_acid_biosynthesis"
"10000","AKT3","Lipid_atherosclerosis"
"10010","TANK","Lipid_atherosclerosis"
"10333","TLR6","Lipid_atherosclerosis"
"10451","VAV3","Lipid_atherosclerosis"
"10454","TAB1","Lipid_atherosclerosis"
"110117499","P3R3URF-PIK3R3","Lipid_atherosclerosis"
"114548","NLRP3","Lipid_atherosclerosis"
"114609","TIRAP","Lipid_atherosclerosis"
"1147","CHUK","Lipid_atherosclerosis"
"142678","MIB2","Lipid_atherosclerosis"
"1432","MAPK14","Lipid_atherosclerosis"
"148022","TICAM1","Lipid_atherosclerosis"
"1535","CYBA","Lipid_atherosclerosis"
"1536","CYBB","Lipid_atherosclerosis"
"1543","CYP1A1","Lipid_atherosclerosis"
"1548","CYP2A6","Lipid_atherosclerosis"
"1549","CYP2A7","Lipid_atherosclerosis"
"1555","CYP2B6","Lipid_atherosclerosis"
"1558","CYP2C8","Lipid_atherosclerosis"
"1559","CYP2C9","Lipid_atherosclerosis"
"1573","CYP2J2","Lipid_atherosclerosis"
"163688","CALML6","Lipid_atherosclerosis"
"1649","DDIT3","Lipid_atherosclerosis"
"177","AGER","Lipid_atherosclerosis"
"19","ABCA1","Lipid_atherosclerosis"
"1965","EIF2S1","Lipid_atherosclerosis"
"207","AKT1","Lipid_atherosclerosis"
"208","AKT2","Lipid_atherosclerosis"
"2081","ERN1","Lipid_atherosclerosis"
"22926","ATF6","Lipid_atherosclerosis"
"23118","TAB2","Lipid_atherosclerosis"
"23236","PLCB1","Lipid_atherosclerosis"
"2353","FOS","Lipid_atherosclerosis"
"23643","LY96","Lipid_atherosclerosis"
"25833","POU2F3","Lipid_atherosclerosis"
"27035","NOX1","Lipid_atherosclerosis"
"29108","PYCARD","Lipid_atherosclerosis"
"29110","TBK1","Lipid_atherosclerosis"
"2919","CXCL1","Lipid_atherosclerosis"
"2920","CXCL2","Lipid_atherosclerosis"
"2921","CXCL3","Lipid_atherosclerosis"
"2932","GSK3B","Lipid_atherosclerosis"
"30001","ERO1A","Lipid_atherosclerosis"
"317","APAF1","Lipid_atherosclerosis"
"3265","HRAS","Lipid_atherosclerosis"
"3303","HSPA1A","Lipid_atherosclerosis"
"3304","HSPA1B","Lipid_atherosclerosis"
"3305","HSPA1L","Lipid_atherosclerosis"
"3306","HSPA2","Lipid_atherosclerosis"
"3308","HSPA4","Lipid_atherosclerosis"
"3309","HSPA5","Lipid_atherosclerosis"
"3310","HSPA6","Lipid_atherosclerosis"
"3312","HSPA8","Lipid_atherosclerosis"
"3320","HSP90AA1","Lipid_atherosclerosis"
"3326","HSP90AB1","Lipid_atherosclerosis"
"3329","HSPD1","Lipid_atherosclerosis"
"335","APOA1","Lipid_atherosclerosis"
"337","APOA4","Lipid_atherosclerosis"
"338","APOB","Lipid_atherosclerosis"
"3383","ICAM1","Lipid_atherosclerosis"
"3439","IFNA1","Lipid_atherosclerosis"
"3440","IFNA2","Lipid_atherosclerosis"
"3441","IFNA4","Lipid_atherosclerosis"
"3442","IFNA5","Lipid_atherosclerosis"
"3443","IFNA6","Lipid_atherosclerosis"
"3444","IFNA7","Lipid_atherosclerosis"
"3445","IFNA8","Lipid_atherosclerosis"
"3446","IFNA10","Lipid_atherosclerosis"
"3447","IFNA13","Lipid_atherosclerosis"
"3448","IFNA14","Lipid_atherosclerosis"
"3449","IFNA16","Lipid_atherosclerosis"
"3451","IFNA17","Lipid_atherosclerosis"
"3452","IFNA21","Lipid_atherosclerosis"
"3456","IFNB1","Lipid_atherosclerosis"
"353376","TICAM2","Lipid_atherosclerosis"
"355","FAS","Lipid_atherosclerosis"
"3551","IKBKB","Lipid_atherosclerosis"
"3553","IL1B","Lipid_atherosclerosis"
"356","FASLG","Lipid_atherosclerosis"
"3569","IL6","Lipid_atherosclerosis"
"3576","CXCL8","Lipid_atherosclerosis"
"3592","IL12A","Lipid_atherosclerosis"
"3593","IL12B","Lipid_atherosclerosis"
"3606","IL18","Lipid_atherosclerosis"
"3654","IRAK1","Lipid_atherosclerosis"
"3661","IRF3","Lipid_atherosclerosis"
"3665","IRF7","Lipid_atherosclerosis"
"3708","ITPR1","Lipid_atherosclerosis"
"3717","JAK2","Lipid_atherosclerosis"
"3725","JUN","Lipid_atherosclerosis"
"3845","KRAS","Lipid_atherosclerosis"
"387","RHOA","Lipid_atherosclerosis"
"3929","LBP","Lipid_atherosclerosis"
"3949","LDLR","Lipid_atherosclerosis"
"4067","LYN","Lipid_atherosclerosis"
"414062","CCL3L3","Lipid_atherosclerosis"
"4217","MAP3K5","Lipid_atherosclerosis"
"4312","MMP1","Lipid_atherosclerosis"
"4314","MMP3","Lipid_atherosclerosis"
"4318","MMP9","Lipid_atherosclerosis"
"4615","MYD88","Lipid_atherosclerosis"
"468","ATF4","Lipid_atherosclerosis"
"4688","NCF2","Lipid_atherosclerosis"
"4689","NCF4","Lipid_atherosclerosis"
"4772","NFATC1","Lipid_atherosclerosis"
"4773","NFATC2","Lipid_atherosclerosis"
"4775","NFATC3","Lipid_atherosclerosis"
"4780","NFE2L2","Lipid_atherosclerosis"
"4790","NFKB1","Lipid_atherosclerosis"
"4792","NFKBIA","Lipid_atherosclerosis"
"4846","NOS3","Lipid_atherosclerosis"
"4893","NRAS","Lipid_atherosclerosis"
"4973","OLR1","Lipid_atherosclerosis"
"51135","IRAK4","Lipid_atherosclerosis"
"5170","PDPK1","Lipid_atherosclerosis"
"51806","CALML5","Lipid_atherosclerosis"
"5290","PIK3CA","Lipid_atherosclerosis"
"5291","PIK3CB","Lipid_atherosclerosis"
"5293","PIK3CD","Lipid_atherosclerosis"
"5295","PIK3R1","Lipid_atherosclerosis"
"5296","PIK3R2","Lipid_atherosclerosis"
"5330","PLCB2","Lipid_atherosclerosis"
"5331","PLCB3","Lipid_atherosclerosis"
"5332","PLCB4","Lipid_atherosclerosis"
"5335","PLCG1","Lipid_atherosclerosis"
"54205","CYCS","Lipid_atherosclerosis"
"5451","POU2F1","Lipid_atherosclerosis"
"5452","POU2F2","Lipid_atherosclerosis"
"5468","PPARG","Lipid_atherosclerosis"
"5530","PPP3CA","Lipid_atherosclerosis"
"5532","PPP3CB","Lipid_atherosclerosis"
"5533","PPP3CC","Lipid_atherosclerosis"
"5534","PPP3R1","Lipid_atherosclerosis"
"5535","PPP3R2","Lipid_atherosclerosis"
"5578","PRKCA","Lipid_atherosclerosis"
"5594","MAPK1","Lipid_atherosclerosis"
"5595","MAPK3","Lipid_atherosclerosis"
"5599","MAPK8","Lipid_atherosclerosis"
"5600","MAPK11","Lipid_atherosclerosis"
"5601","MAPK9","Lipid_atherosclerosis"
"5602","MAPK10","Lipid_atherosclerosis"
"5603","MAPK13","Lipid_atherosclerosis"
"5606","MAP2K3","Lipid_atherosclerosis"
"5608","MAP2K6","Lipid_atherosclerosis"
"5609","MAP2K7","Lipid_atherosclerosis"
"572","BAD","Lipid_atherosclerosis"
"5747","PTK2","Lipid_atherosclerosis"
"57534","MIB1","Lipid_atherosclerosis"
"581","BAX","Lipid_atherosclerosis"
"5879","RAC1","Lipid_atherosclerosis"
"5906","RAP1A","Lipid_atherosclerosis"
"5908","RAP1B","Lipid_atherosclerosis"
"596","BCL2","Lipid_atherosclerosis"
"5970","RELA","Lipid_atherosclerosis"
"598","BCL2L1","Lipid_atherosclerosis"
"6256","RXRA","Lipid_atherosclerosis"
"6257","RXRB","Lipid_atherosclerosis"
"6258","RXRG","Lipid_atherosclerosis"
"6300","MAPK12","Lipid_atherosclerosis"
"6347","CCL2","Lipid_atherosclerosis"
"6348","CCL3","Lipid_atherosclerosis"
"6349","CCL3L1","Lipid_atherosclerosis"
"6352","CCL5","Lipid_atherosclerosis"
"637","BID","Lipid_atherosclerosis"
"6401","SELE","Lipid_atherosclerosis"
"6403","SELP","Lipid_atherosclerosis"
"6416","MAP2K4","Lipid_atherosclerosis"
"653361","NCF1","Lipid_atherosclerosis"
"6648","SOD2","Lipid_atherosclerosis"
"6714","SRC","Lipid_atherosclerosis"
"6774","STAT3","Lipid_atherosclerosis"
"6885","MAP3K7","Lipid_atherosclerosis"
"7097","TLR2","Lipid_atherosclerosis"
"7099","TLR4","Lipid_atherosclerosis"
"7124","TNF","Lipid_atherosclerosis"
"7132","TNFRSF1A","Lipid_atherosclerosis"
"7157","TP53","Lipid_atherosclerosis"
"7184","HSP90B1","Lipid_atherosclerosis"
"7186","TRAF2","Lipid_atherosclerosis"
"7187","TRAF3","Lipid_atherosclerosis"
"7189","TRAF6","Lipid_atherosclerosis"
"7409","VAV1","Lipid_atherosclerosis"
"7410","VAV2","Lipid_atherosclerosis"
"7412","VCAM1","Lipid_atherosclerosis"
"7436","VLDLR","Lipid_atherosclerosis"
"7494","XBP1","Lipid_atherosclerosis"
"801","CALM1","Lipid_atherosclerosis"
"805","CALM2","Lipid_atherosclerosis"
"808","CALM3","Lipid_atherosclerosis"
"810","CALML3","Lipid_atherosclerosis"
"815","CAMK2A","Lipid_atherosclerosis"
"816","CAMK2B","Lipid_atherosclerosis"
"817","CAMK2D","Lipid_atherosclerosis"
"818","CAMK2G","Lipid_atherosclerosis"
"834","CASP1","Lipid_atherosclerosis"
"836","CASP3","Lipid_atherosclerosis"
"839","CASP6","Lipid_atherosclerosis"
"840","CASP7","Lipid_atherosclerosis"
"841","CASP8","Lipid_atherosclerosis"
"842","CASP9","Lipid_atherosclerosis"
"8503","PIK3R3","Lipid_atherosclerosis"
"8517","IKBKG","Lipid_atherosclerosis"
"8743","TNFSF10","Lipid_atherosclerosis"
"8795","TNFRSF10B","Lipid_atherosclerosis"
"8797","TNFRSF10A","Lipid_atherosclerosis"
"9138","ARHGEF1","Lipid_atherosclerosis"
"91860","CALML4","Lipid_atherosclerosis"
"929","CD14","Lipid_atherosclerosis"
"9451","EIF2AK3","Lipid_atherosclerosis"
"9475","ROCK2","Lipid_atherosclerosis"
"948","CD36","Lipid_atherosclerosis"
"958","CD40","Lipid_atherosclerosis"
"959","CD40LG","Lipid_atherosclerosis"
"9619","ABCG1","Lipid_atherosclerosis"
"9641","IKBKE","Lipid_atherosclerosis"
"998","CDC42","Lipid_atherosclerosis"
"1056","CEL","Steroid_biosynthesis"
"10682","EBP","Steroid_biosynthesis"
"120227","CYP2R1","Steroid_biosynthesis"
"1591","CYP24A1","Steroid_biosynthesis"
"1594","CYP27B1","Steroid_biosynthesis"
"1595","CYP51A1","Steroid_biosynthesis"
"1717","DHCR7","Steroid_biosynthesis"
"1718","DHCR24","Steroid_biosynthesis"
"2222","FDFT1","Steroid_biosynthesis"
"3930","LBR","Steroid_biosynthesis"
"3988","LIPA","Steroid_biosynthesis"
"4047","LSS","Steroid_biosynthesis"
"50814","NSDHL","Steroid_biosynthesis"
"51478","HSD17B7","Steroid_biosynthesis"
"6307","MSMO1","Steroid_biosynthesis"
"6309","SC5D","Steroid_biosynthesis"
"6646","SOAT1","Steroid_biosynthesis"
"6713","SQLE","Steroid_biosynthesis"
"7108","TM7SF2","Steroid_biosynthesis"
"8435","SOAT2","Steroid_biosynthesis"
"100861540","CYP3A7-CYP3A51P","Steroid_hormone_biosynthesis"
"10720","UGT2B11","Steroid_hormone_biosynthesis"
"10941","UGT2A1","Steroid_hormone_biosynthesis"
"1109","AKR1C4","Steroid_hormone_biosynthesis"
"1312","COMT","Steroid_hormone_biosynthesis"
"1543","CYP1A1","Steroid_hormone_biosynthesis"
"1544","CYP1A2","Steroid_hormone_biosynthesis"
"1545","CYP1B1","Steroid_hormone_biosynthesis"
"1551","CYP3A7","Steroid_hormone_biosynthesis"
"1571","CYP2E1","Steroid_hormone_biosynthesis"
"1576","CYP3A4","Steroid_hormone_biosynthesis"
"1577","CYP3A5","Steroid_hormone_biosynthesis"
"1581","CYP7A1","Steroid_hormone_biosynthesis"
"1583","CYP11A1","Steroid_hormone_biosynthesis"
"1584","CYP11B1","Steroid_hormone_biosynthesis"
"1585","CYP11B2","Steroid_hormone_biosynthesis"
"1586","CYP17A1","Steroid_hormone_biosynthesis"
"1588","CYP19A1","Steroid_hormone_biosynthesis"
"1589","CYP21A2","Steroid_hormone_biosynthesis"
"1645","AKR1C1","Steroid_hormone_biosynthesis"
"1646","AKR1C2","Steroid_hormone_biosynthesis"
"220074","LRTOMT","Steroid_hormone_biosynthesis"
"3283","HSD3B1","Steroid_hormone_biosynthesis"
"3284","HSD3B2","Steroid_hormone_biosynthesis"
"3290","HSD11B1","Steroid_hormone_biosynthesis"
"3291","HSD11B2","Steroid_hormone_biosynthesis"
"3292","HSD17B1","Steroid_hormone_biosynthesis"
"3293","HSD17B3","Steroid_hormone_biosynthesis"
"3294","HSD17B2","Steroid_hormone_biosynthesis"
"340811","AKR1C8","Steroid_hormone_biosynthesis"
"374875","HSD11B1L","Steroid_hormone_biosynthesis"
"412","STS","Steroid_hormone_biosynthesis"
"51144","HSD17B12","Steroid_hormone_biosynthesis"
"51170","HSD17B11","Steroid_hormone_biosynthesis"
"51478","HSD17B7","Steroid_hormone_biosynthesis"
"54490","UGT2B28","Steroid_hormone_biosynthesis"
"54575","UGT1A10","Steroid_hormone_biosynthesis"
"54576","UGT1A8","Steroid_hormone_biosynthesis"
"54577","UGT1A7","Steroid_hormone_biosynthesis"
"54578","UGT1A6","Steroid_hormone_biosynthesis"
"54579","UGT1A5","Steroid_hormone_biosynthesis"
"54600","UGT1A9","Steroid_hormone_biosynthesis"
"54657","UGT1A4","Steroid_hormone_biosynthesis"
"54658","UGT1A1","Steroid_hormone_biosynthesis"
"54659","UGT1A3","Steroid_hormone_biosynthesis"
"574537","UGT2A2","Steroid_hormone_biosynthesis"
"6715","SRD5A1","Steroid_hormone_biosynthesis"
"6716","SRD5A2","Steroid_hormone_biosynthesis"
"6718","AKR1D1","Steroid_hormone_biosynthesis"
"6783","SULT1E1","Steroid_hormone_biosynthesis"
"6820","SULT2B1","Steroid_hormone_biosynthesis"
"7363","UGT2B4","Steroid_hormone_biosynthesis"
"7364","UGT2B7","Steroid_hormone_biosynthesis"
"7365","UGT2B10","Steroid_hormone_biosynthesis"
"7366","UGT2B15","Steroid_hormone_biosynthesis"
"7367","UGT2B17","Steroid_hormone_biosynthesis"
"79154","DHRS11","Steroid_hormone_biosynthesis"
"7923","HSD17B8","Steroid_hormone_biosynthesis"
"79644","SRD5A3","Steroid_hormone_biosynthesis"
"79799","UGT2A3","Steroid_hormone_biosynthesis"
"8630","HSD17B6","Steroid_hormone_biosynthesis"
"8644","AKR1C3","Steroid_hormone_biosynthesis"
"9420","CYP7B1","Steroid_hormone_biosynthesis"
"100532726","NDUFC2-KCTD14","Oxidative_phosphorylation"
"10063","COX17","Oxidative_phosphorylation"
"101927180","LOC101927180","Oxidative_phosphorylation"
"10312","TCIRG1","Oxidative_phosphorylation"
"10476","ATP5PD","Oxidative_phosphorylation"
"10632","ATP5MG","Oxidative_phosphorylation"
"107984365","LOC107984365","Oxidative_phosphorylation"
"10975","UQCR11","Oxidative_phosphorylation"
"124901481","LOC124901481","Oxidative_phosphorylation"
"125965","COX6B2","Oxidative_phosphorylation"
"126328","NDUFA11","Oxidative_phosphorylation"
"127124","ATP6V1G3","Oxidative_phosphorylation"
"1327","COX4I1","Oxidative_phosphorylation"
"1329","COX5B","Oxidative_phosphorylation"
"1337","COX6A1","Oxidative_phosphorylation"
"1339","COX6A2","Oxidative_phosphorylation"
"1340","COX6B1","Oxidative_phosphorylation"
"1345","COX6C","Oxidative_phosphorylation"
"1346","COX7A1","Oxidative_phosphorylation"
"1347","COX7A2","Oxidative_phosphorylation"
"1349","COX7B","Oxidative_phosphorylation"
"1350","COX7C","Oxidative_phosphorylation"
"1351","COX8A","Oxidative_phosphorylation"
"1352","COX10","Oxidative_phosphorylation"
"1353","COX11","Oxidative_phosphorylation"
"1355","COX15","Oxidative_phosphorylation"
"1537","CYC1","Oxidative_phosphorylation"
"155066","ATP6V0E2","Oxidative_phosphorylation"
"170712","COX7B2","Oxidative_phosphorylation"
"23545","ATP6V0A2","Oxidative_phosphorylation"
"245972","ATP6V0D2","Oxidative_phosphorylation"
"245973","ATP6V1C2","Oxidative_phosphorylation"
"267020","ATP5MGL","Oxidative_phosphorylation"
"27068","PPA2","Oxidative_phosphorylation"
"27089","UQCRQ","Oxidative_phosphorylation"
"29796","UQCR10","Oxidative_phosphorylation"
"341947","COX8C","Oxidative_phosphorylation"
"374291","NDUFS7","Oxidative_phosphorylation"
"440567","UQCRHL","Oxidative_phosphorylation"
"4508","ATP6","Oxidative_phosphorylation"
"4509","ATP8","Oxidative_phosphorylation"
"4512","COX1","Oxidative_phosphorylation"
"4513","COX2","Oxidative_phosphorylation"
"4514","COX3","Oxidative_phosphorylation"
"4519","CYTB","Oxidative_phosphorylation"
"4535","ND1","Oxidative_phosphorylation"
"4536","ND2","Oxidative_phosphorylation"
"4537","ND3","Oxidative_phosphorylation"
"4538","ND4","Oxidative_phosphorylation"
"4539","ND4L","Oxidative_phosphorylation"
"4540","ND5","Oxidative_phosphorylation"
"4541","ND6","Oxidative_phosphorylation"
"4694","NDUFA1","Oxidative_phosphorylation"
"4695","NDUFA2","Oxidative_phosphorylation"
"4696","NDUFA3","Oxidative_phosphorylation"
"4697","NDUFA4","Oxidative_phosphorylation"
"4698","NDUFA5","Oxidative_phosphorylation"
"4700","NDUFA6","Oxidative_phosphorylation"
"4701","NDUFA7","Oxidative_phosphorylation"
"4702","NDUFA8","Oxidative_phosphorylation"
"4704","NDUFA9","Oxidative_phosphorylation"
"4705","NDUFA10","Oxidative_phosphorylation"
"4706","NDUFAB1","Oxidative_phosphorylation"
"4707","NDUFB1","Oxidative_phosphorylation"
"4708","NDUFB2","Oxidative_phosphorylation"
"4709","NDUFB3","Oxidative_phosphorylation"
"4710","NDUFB4","Oxidative_phosphorylation"
"4711","NDUFB5","Oxidative_phosphorylation"
"4712","NDUFB6","Oxidative_phosphorylation"
"4713","NDUFB7","Oxidative_phosphorylation"
"4714","NDUFB8","Oxidative_phosphorylation"
"4715","NDUFB9","Oxidative_phosphorylation"
"4716","NDUFB10","Oxidative_phosphorylation"
"4717","NDUFC1","Oxidative_phosphorylation"
"4718","NDUFC2","Oxidative_phosphorylation"
"4719","NDUFS1","Oxidative_phosphorylation"
"4720","NDUFS2","Oxidative_phosphorylation"
"4722","NDUFS3","Oxidative_phosphorylation"
"4723","NDUFV1","Oxidative_phosphorylation"
"4724","NDUFS4","Oxidative_phosphorylation"
"4725","NDUFS5","Oxidative_phosphorylation"
"4726","NDUFS6","Oxidative_phosphorylation"
"4728","NDUFS8","Oxidative_phosphorylation"
"4729","NDUFV2","Oxidative_phosphorylation"
"4731","NDUFV3","Oxidative_phosphorylation"
"479","ATP12A","Oxidative_phosphorylation"
"495","ATP4A","Oxidative_phosphorylation"
"496","ATP4B","Oxidative_phosphorylation"
"498","ATP5F1A","Oxidative_phosphorylation"
"506","ATP5F1B","Oxidative_phosphorylation"
"50617","ATP6V0A4","Oxidative_phosphorylation"
"509","ATP5F1C","Oxidative_phosphorylation"
"51079","NDUFA13","Oxidative_phosphorylation"
"513","ATP5F1D","Oxidative_phosphorylation"
"51382","ATP6V1D","Oxidative_phosphorylation"
"514","ATP5F1E","Oxidative_phosphorylation"
"515","ATP5PB","Oxidative_phosphorylation"
"516","ATP5MC1","Oxidative_phosphorylation"
"51606","ATP6V1H","Oxidative_phosphorylation"
"517","ATP5MC2","Oxidative_phosphorylation"
"518","ATP5MC3","Oxidative_phosphorylation"
"521","ATP5ME","Oxidative_phosphorylation"
"522","ATP5PF","Oxidative_phosphorylation"
"523","ATP6V1A","Oxidative_phosphorylation"
"525","ATP6V1B1","Oxidative_phosphorylation"
"526","ATP6V1B2","Oxidative_phosphorylation"
"527","ATP6V0C","Oxidative_phosphorylation"
"528","ATP6V1C1","Oxidative_phosphorylation"
"529","ATP6V1E1","Oxidative_phosphorylation"
"533","ATP6V0B","Oxidative_phosphorylation"
"534","ATP6V1G2","Oxidative_phosphorylation"
"535","ATP6V0A1","Oxidative_phosphorylation"
"537","ATP6AP1","Oxidative_phosphorylation"
"539","ATP5PO","Oxidative_phosphorylation"
"54205","CYCS","Oxidative_phosphorylation"
"54539","NDUFB11","Oxidative_phosphorylation"
"5464","PPA1","Oxidative_phosphorylation"
"55967","NDUFA12","Oxidative_phosphorylation"
"56901","NDUFA4L2","Oxidative_phosphorylation"
"6389","SDHA","Oxidative_phosphorylation"
"6390","SDHB","Oxidative_phosphorylation"
"6391","SDHC","Oxidative_phosphorylation"
"6392","SDHD","Oxidative_phosphorylation"
"64077","LHPP","Oxidative_phosphorylation"
"7381","UQCRB","Oxidative_phosphorylation"
"7384","UQCRC1","Oxidative_phosphorylation"
"7385","UQCRC2","Oxidative_phosphorylation"
"7386","UQCRFS1","Oxidative_phosphorylation"
"7388","UQCRH","Oxidative_phosphorylation"
"84701","COX4I2","Oxidative_phosphorylation"
"8992","ATP6V0E1","Oxidative_phosphorylation"
"90423","ATP6V1E2","Oxidative_phosphorylation"
"9114","ATP6V0D1","Oxidative_phosphorylation"
"9167","COX7A2L","Oxidative_phosphorylation"
"9296","ATP6V1F","Oxidative_phosphorylation"
"9377","COX5A","Oxidative_phosphorylation"
"9550","ATP6V1G1","Oxidative_phosphorylation"
"9551","ATP5MF","Oxidative_phosphorylation"
"10229","COQ7","Ubiquinone_biosynthesis"
"154807","VKORC1L1","Ubiquinone_biosynthesis"
"1728","NQO1","Ubiquinone_biosynthesis"
"2677","GGCX","Ubiquinone_biosynthesis"
"27235","COQ2","Ubiquinone_biosynthesis"
"3242","HPD","Ubiquinone_biosynthesis"
"51004","COQ6","Ubiquinone_biosynthesis"
"51117","COQ4","Ubiquinone_biosynthesis"
"51805","COQ3","Ubiquinone_biosynthesis"
"6898","TAT","Ubiquinone_biosynthesis"
"79001","VKORC1","Ubiquinone_biosynthesis"
"84274","COQ5","Ubiquinone_biosynthesis"
"11019","LIAS","Lipoic_acid_metabolism"
"116285","ACSM1","Lipoic_acid_metabolism"
"124908081","LOC124908081","Lipoic_acid_metabolism"
"1629","DBT","Lipoic_acid_metabolism"
"1737","DLAT","Lipoic_acid_metabolism"
"1738","DLD","Lipoic_acid_metabolism"
"1743","DLST","Lipoic_acid_metabolism"
"2653","GCSH","Lipoic_acid_metabolism"
"2731","GLDC","Lipoic_acid_metabolism"
"275","AMT","Lipoic_acid_metabolism"
"387787","LIPT2","Lipoic_acid_metabolism"
"4967","OGDH","Lipoic_acid_metabolism"
"5160","PDHA1","Lipoic_acid_metabolism"
"51601","LIPT1","Lipoic_acid_metabolism"
"5161","PDHA2","Lipoic_acid_metabolism"
"5162","PDHB","Lipoic_acid_metabolism"
"55526","DHTKD1","Lipoic_acid_metabolism"
"55753","OGDHL","Lipoic_acid_metabolism"
"593","BCKDHA","Lipoic_acid_metabolism"
"594","BCKDHB","Lipoic_acid_metabolism"
"122481","AK7","Thiamine_metabolism"
"158067","AK8","Thiamine_metabolism"
"203","AK1","Thiamine_metabolism"
"204","AK2","Thiamine_metabolism"
"205","AK4","Thiamine_metabolism"
"248","ALPI","Thiamine_metabolism"
"249","ALPL","Thiamine_metabolism"
"250","ALPP","Thiamine_metabolism"
"251","ALPG","Thiamine_metabolism"
"26289","AK5","Thiamine_metabolism"
"27010","TPK1","Thiamine_metabolism"
"52","ACP1","Thiamine_metabolism"
"79178","THTPA","Thiamine_metabolism"
"84284","NTPCR","Thiamine_metabolism"
"9054","NFS1","Thiamine_metabolism"
"1806","DPYD","Pantothenate_CoA"
"1807","DPYS","Pantothenate_CoA"
"217","ALDH2","Pantothenate_CoA"
"219","ALDH1B1","Pantothenate_CoA"
"224","ALDH3A2","Pantothenate_CoA"
"339896","GADL1","Pantothenate_CoA"
"51380","CSAD","Pantothenate_CoA"
"5167","ENPP1","Pantothenate_CoA"
"5169","ENPP3","Pantothenate_CoA"
"51733","UPB1","Pantothenate_CoA"
"53354","PANK1","Pantothenate_CoA"
"586","BCAT1","Pantothenate_CoA"
"587","BCAT2","Pantothenate_CoA"
"60490","PPCDC","Pantothenate_CoA"
"60496","AASDHPPT","Pantothenate_CoA"
"79646","PANK3","Pantothenate_CoA"
"79717","PPCS","Pantothenate_CoA"
"80025","PANK2","Pantothenate_CoA"
"80347","COASY","Pantothenate_CoA"
"8875","VNN2","Pantothenate_CoA"
"8876","VNN1","Pantothenate_CoA"
"10243","GPHN","Folate_biosynthesis"
"121278","TPH2","Folate_biosynthesis"
"1719","DHFR","Folate_biosynthesis"
"200895","DHFR2","Folate_biosynthesis"
"231","AKR1B1","Folate_biosynthesis"
"2356","FPGS","Folate_biosynthesis"
"248","ALPI","Folate_biosynthesis"
"249","ALPL","Folate_biosynthesis"
"250","ALPP","Folate_biosynthesis"
"251","ALPG","Folate_biosynthesis"
"2643","GCH1","Folate_biosynthesis"
"340811","AKR1C8","Folate_biosynthesis"
"4337","MOCS1","Folate_biosynthesis"
"4338","MOCS2","Folate_biosynthesis"
"441282","AKR1B15","Folate_biosynthesis"
"5053","PAH","Folate_biosynthesis"
"5092","PCBD1","Folate_biosynthesis"
"55034","MOCOS","Folate_biosynthesis"
"57016","AKR1B10","Folate_biosynthesis"
"5805","PTS","Folate_biosynthesis"
"5860","QDPR","Folate_biosynthesis"
"6697","SPR","Folate_biosynthesis"
"7054","TH","Folate_biosynthesis"
"7166","TPH1","Folate_biosynthesis"
"84105","PCBD2","Folate_biosynthesis"
"8644","AKR1C3","Folate_biosynthesis"
"873","CBR1","Folate_biosynthesis"
"8836","GGH","Folate_biosynthesis"
"100528021","ST20-MTHFS","One_carbon_pool_by_folate"
"102724560","LOC102724560","One_carbon_pool_by_folate"
"10588","MTHFS","One_carbon_pool_by_folate"
"10768","AHCYL1","One_carbon_pool_by_folate"
"10797","MTHFD2","One_carbon_pool_by_folate"
"10840","ALDH1L1","One_carbon_pool_by_folate"
"10841","FTCD","One_carbon_pool_by_folate"
"124908081","LOC124908081","One_carbon_pool_by_folate"
"1491","CTH","One_carbon_pool_by_folate"
"160428","ALDH1L2","One_carbon_pool_by_folate"
"1719","DHFR","One_carbon_pool_by_folate"
"1738","DLD","One_carbon_pool_by_folate"
"1757","SARDH","One_carbon_pool_by_folate"
"191","AHCY","One_carbon_pool_by_folate"
"200895","DHFR2","One_carbon_pool_by_folate"
"23382","AHCYL2","One_carbon_pool_by_folate"
"23743","BHMT2","One_carbon_pool_by_folate"
"25902","MTHFD1L","One_carbon_pool_by_folate"
"2618","GART","One_carbon_pool_by_folate"
"2653","GCSH","One_carbon_pool_by_folate"
"27232","GNMT","One_carbon_pool_by_folate"
"2731","GLDC","One_carbon_pool_by_folate"
"27430","MAT2B","One_carbon_pool_by_folate"
"275","AMT","One_carbon_pool_by_folate"
"29958","DMGDH","One_carbon_pool_by_folate"
"4143","MAT1A","One_carbon_pool_by_folate"
"4144","MAT2A","One_carbon_pool_by_folate"
"441024","MTHFD2L","One_carbon_pool_by_folate"
"4522","MTHFD1","One_carbon_pool_by_folate"
"4524","MTHFR","One_carbon_pool_by_folate"
"4548","MTR","One_carbon_pool_by_folate"
"471","ATIC","One_carbon_pool_by_folate"
"501","ALDH7A1","One_carbon_pool_by_folate"
"55349","CHDH","One_carbon_pool_by_folate"
"635","BHMT","One_carbon_pool_by_folate"
"6470","SHMT1","One_carbon_pool_by_folate"
"6472","SHMT2","One_carbon_pool_by_folate"
"7298","TYMS","One_carbon_pool_by_folate"
"875","CBS","One_carbon_pool_by_folate"
