"","entrez_id","gene_symbol","pathway"
"1","102723796","TLE7","Notch"
"2","10683","DLL3","Notch"
"3","11317","RBPJL","Notch"
"4","113878","DTX2","Notch"
"5","1387","CREBBP","Notch"
"6","1487","CTBP1","Notch"
"7","1488","CTBP2","Notch"
"8","151636","DTX3L","Notch"
"9","171558","PTCRA","Notch"
"10","182","JAG1","Notch"
"11","1840","DTX1","Notch"
"12","1855","DVL1","Notch"
"13","1856","DVL2","Notch"
"14","1857","DVL3","Notch"
"15","196403","DTX3","Notch"
"16","2033","EP300","Notch"
"17","22938","SNW1","Notch"
"18","23013","SPEN","Notch"
"19","23220","DTX4","Notch"
"20","23385","NCSTN","Notch"
"21","23462","HEY1","Notch"
"22","23493","HEY2","Notch"
"23","2648","KAT2A","Notch"
"24","26508","HEYL","Notch"
"25","28514","DLL1","Notch"
"26","3065","HDAC1","Notch"
"27","3066","HDAC2","Notch"
"28","3280","HES1","Notch"
"29","342371","ATXN1L","Notch"
"30","3516","RBPJ","Notch"
"31","3714","JAG2","Notch"
"32","388585","HES5","Notch"
"33","3955","LFNG","Notch"
"34","4242","MFNG","Notch"
"35","441478","NRARP","Notch"
"36","4851","NOTCH1","Notch"
"37","4853","NOTCH2","Notch"
"38","4854","NOTCH3","Notch"
"39","4855","NOTCH4","Notch"
"40","51107","APH1A","Notch"
"41","54567","DLL4","Notch"
"42","55534","MAML3","Notch"
"43","55851","PSENEN","Notch"
"44","5663","PSEN1","Notch"
"45","5664","PSEN2","Notch"
"46","5986","RFNG","Notch"
"47","6310","ATXN1","Notch"
"48","6868","ADAM17","Notch"
"49","7088","TLE1","Notch"
"50","7089","TLE2","Notch"
"51","7090","TLE3","Notch"
"52","7091","TLE4","Notch"
"53","79816","TLE6","Notch"
"54","83464","APH1B","Notch"
"55","83737","ITCH","Notch"
"56","84441","MAML2","Notch"
"57","8650","NUMB","Notch"
"58","8850","KAT2B","Notch"
"59","9253","NUMBL","Notch"
"60","9541","CIR1","Notch"
"61","9612","NCOR2","Notch"
"62","9794","MAML1","Notch"
"63","10023","FRAT1","WNT"
"64","102723796","TLE7","WNT"
"65","102800317","TPTEP2-CSNK1E","WNT"
"66","10297","APC2","WNT"
"67","11197","WIF1","WNT"
"68","11211","FZD10","WNT"
"69","122011","CSNK1A1L","WNT"
"70","1387","CREBBP","WNT"
"71","144165","PRICKLE1","WNT"
"72","1452","CSNK1A1","WNT"
"73","1454","CSNK1E","WNT"
"74","1457","CSNK2A1","WNT"
"75","1459","CSNK2A2","WNT"
"76","1460","CSNK2B","WNT"
"77","147111","NOTUM","WNT"
"78","147495","APCDD1","WNT"
"79","1487","CTBP1","WNT"
"80","1488","CTBP2","WNT"
"81","1499","CTNNB1","WNT"
"82","1501","CTNND2","WNT"
"83","164284","APCDD1L","WNT"
"84","166336","PRICKLE2","WNT"
"85","1855","DVL1","WNT"
"86","1856","DVL2","WNT"
"87","1857","DVL3","WNT"
"88","2033","EP300","WNT"
"89","2239","GPC4","WNT"
"90","22943","DKK1","WNT"
"91","23002","DAAM1","WNT"
"92","23236","PLCB1","WNT"
"93","23291","FBXW11","WNT"
"94","23401","FRAT2","WNT"
"95","23411","SIRT1","WNT"
"96","23500","DAAM2","WNT"
"97","2487","FRZB","WNT"
"98","2535","FZD2","WNT"
"99","25776","CBY1","WNT"
"100","25805","BAMBI","WNT"
"101","27101","CACYBP","WNT"
"102","27121","DKK4","WNT"
"103","27123","DKK2","WNT"
"104","27130","INVS","WNT"
"105","283106","CSNK2A3","WNT"
"106","284654","RSPO1","WNT"
"107","2932","GSK3B","WNT"
"108","29964","PRICKLE4","WNT"
"109","324","APC","WNT"
"110","340419","RSPO2","WNT"
"111","343637","RSPO4","WNT"
"112","3725","JUN","WNT"
"113","387","RHOA","WNT"
"114","4007","PRICKLE3","WNT"
"115","4040","LRP6","WNT"
"116","4041","LRP5","WNT"
"117","4088","SMAD3","WNT"
"118","4089","SMAD4","WNT"
"119","4163","MCC","WNT"
"120","4316","MMP7","WNT"
"121","440193","CCDC88C","WNT"
"122","4609","MYC","WNT"
"123","4772","NFATC1","WNT"
"124","4773","NFATC2","WNT"
"125","4775","NFATC3","WNT"
"126","4776","NFATC4","WNT"
"127","4919","ROR1","WNT"
"128","4920","ROR2","WNT"
"129","50964","SOST","WNT"
"130","51176","LEF1","WNT"
"131","51384","WNT16","WNT"
"132","51701","NLK","WNT"
"133","5176","SERPINF1","WNT"
"134","5330","PLCB2","WNT"
"135","5331","PLCB3","WNT"
"136","5332","PLCB4","WNT"
"137","54361","WNT4","WNT"
"138","5467","PPARD","WNT"
"139","54894","RNF43","WNT"
"140","5530","PPP3CA","WNT"
"141","5532","PPP3CB","WNT"
"142","5533","PPP3CC","WNT"
"143","5534","PPP3R1","WNT"
"144","5535","PPP3R2","WNT"
"145","55366","LGR4","WNT"
"146","5566","PRKACA","WNT"
"147","5567","PRKACB","WNT"
"148","5568","PRKACG","WNT"
"149","5578","PRKCA","WNT"
"150","5579","PRKCB","WNT"
"151","5582","PRKCG","WNT"
"152","5599","MAPK8","WNT"
"153","5601","MAPK9","WNT"
"154","5602","MAPK10","WNT"
"155","5663","PSEN1","WNT"
"156","56998","CTNNBIP1","WNT"
"157","57216","VANGL2","WNT"
"158","57680","CHD8","WNT"
"159","57805","CCAR2","WNT"
"160","5879","RAC1","WNT"
"161","5880","RAC2","WNT"
"162","5881","RAC3","WNT"
"163","59343","SENP2","WNT"
"164","59352","LGR6","WNT"
"165","595","CCND1","WNT"
"166","6259","RYK","WNT"
"167","6422","SFRP1","WNT"
"168","6423","SFRP2","WNT"
"169","6424","SFRP4","WNT"
"170","6425","SFRP5","WNT"
"171","64321","SOX17","WNT"
"172","6477","SIAH1","WNT"
"173","64840","PORCN","WNT"
"174","6500","SKP1","WNT"
"175","6885","MAP3K7","WNT"
"176","6907","TBL1X","WNT"
"177","6932","TCF7","WNT"
"178","6934","TCF7L2","WNT"
"179","7088","TLE1","WNT"
"180","7089","TLE2","WNT"
"181","7090","TLE3","WNT"
"182","7091","TLE4","WNT"
"183","7157","TP53","WNT"
"184","7471","WNT1","WNT"
"185","7472","WNT2","WNT"
"186","7473","WNT3","WNT"
"187","7474","WNT5A","WNT"
"188","7475","WNT6","WNT"
"189","7476","WNT7A","WNT"
"190","7477","WNT7B","WNT"
"191","7478","WNT8A","WNT"
"192","7479","WNT8B","WNT"
"193","7480","WNT10B","WNT"
"194","7481","WNT11","WNT"
"195","7482","WNT2B","WNT"
"196","7483","WNT9A","WNT"
"197","7484","WNT9B","WNT"
"198","7855","FZD5","WNT"
"199","79718","TBL1XR1","WNT"
"200","7976","FZD3","WNT"
"201","79816","TLE6","WNT"
"202","80319","CXXC4","WNT"
"203","80326","WNT10A","WNT"
"204","8061","FOSL1","WNT"
"205","81029","WNT5B","WNT"
"206","815","CAMK2A","WNT"
"207","816","CAMK2B","WNT"
"208","817","CAMK2D","WNT"
"209","818","CAMK2G","WNT"
"210","81839","VANGL1","WNT"
"211","8312","AXIN1","WNT"
"212","8313","AXIN2","WNT"
"213","8321","FZD1","WNT"
"214","8322","FZD4","WNT"
"215","8323","FZD6","WNT"
"216","8324","FZD7","WNT"
"217","8325","FZD8","WNT"
"218","8326","FZD9","WNT"
"219","83439","TCF7L1","WNT"
"220","84133","ZNRF3","WNT"
"221","84445","LZTS2","WNT"
"222","8454","CUL1","WNT"
"223","84870","RSPO3","WNT"
"224","85407","NKD1","WNT"
"225","85409","NKD2","WNT"
"226","8549","LGR5","WNT"
"227","8607","RUVBL1","WNT"
"228","8840","CCN4","WNT"
"229","894","CCND2","WNT"
"230","8945","BTRC","WNT"
"231","896","CCND3","WNT"
"232","89780","WNT3A","WNT"
"233","90665","TBL1Y","WNT"
"234","9350","CER1","WNT"
"235","9475","ROCK2","WNT"
"236","9978","RBX1","WNT"
"237","102800317","TPTEP2-CSNK1E","Hedgehog"
"238","11127","KIF3A","Hedgehog"
"239","122011","CSNK1A1L","Hedgehog"
"240","132884","EVC2","Hedgehog"
"241","1452","CSNK1A1","Hedgehog"
"242","1453","CSNK1D","Hedgehog"
"243","1454","CSNK1E","Hedgehog"
"244","1455","CSNK1G2","Hedgehog"
"245","1456","CSNK1G3","Hedgehog"
"246","156","GRK2","Hedgehog"
"247","157","GRK3","Hedgehog"
"248","1954","MEGF8","Hedgehog"
"249","2121","EVC","Hedgehog"
"250","23288","IQCE","Hedgehog"
"251","23291","FBXW11","Hedgehog"
"252","23295","MGRN1","Hedgehog"
"253","23432","GPR161","Hedgehog"
"254","2619","GAS1","Hedgehog"
"255","2735","GLI1","Hedgehog"
"256","2736","GLI2","Hedgehog"
"257","2737","GLI3","Hedgehog"
"258","2932","GSK3B","Hedgehog"
"259","339745","SPOPL","Hedgehog"
"260","3549","IHH","Hedgehog"
"261","374654","KIF7","Hedgehog"
"262","4036","LRP2","Hedgehog"
"263","408","ARRB1","Hedgehog"
"264","409","ARRB2","Hedgehog"
"265","50846","DHH","Hedgehog"
"266","50937","CDON","Hedgehog"
"267","51684","SUFU","Hedgehog"
"268","53944","CSNK1G1","Hedgehog"
"269","5566","PRKACA","Hedgehog"
"270","5567","PRKACB","Hedgehog"
"271","5568","PRKACG","Hedgehog"
"272","55733","HHAT","Hedgehog"
"273","57154","SMURF1","Hedgehog"
"274","5727","PTCH1","Hedgehog"
"275","57467","HHATL","Hedgehog"
"276","57758","SCUBE2","Hedgehog"
"277","595","CCND1","Hedgehog"
"278","596","BCL2","Hedgehog"
"279","64399","HHIP","Hedgehog"
"280","6469","SHH","Hedgehog"
"281","64750","SMURF2","Hedgehog"
"282","6608","SMO","Hedgehog"
"283","730094","MOSMO","Hedgehog"
"284","8405","SPOP","Hedgehog"
"285","84455","EFCAB7","Hedgehog"
"286","8452","CUL3","Hedgehog"
"287","8454","CUL1","Hedgehog"
"288","84976","DISP1","Hedgehog"
"289","8643","PTCH2","Hedgehog"
"290","894","CCND2","Hedgehog"
"291","8945","BTRC","Hedgehog"
"292","91653","BOC","Hedgehog"
"293","10207","PATJ","Hippo"
"294","102800317","TPTEP2-CSNK1E","Hippo"
"295","10297","APC2","Hippo"
"296","10413","YAP1","Hippo"
"297","10971","YWHAQ","Hippo"
"298","11186","RASSF1","Hippo"
"299","11211","FZD10","Hippo"
"300","122786","FRMD6","Hippo"
"301","126374","WTIP","Hippo"
"302","1453","CSNK1D","Hippo"
"303","1454","CSNK1E","Hippo"
"304","1490","CCN2","Hippo"
"305","1495","CTNNA1","Hippo"
"306","1496","CTNNA2","Hippo"
"307","1499","CTNNB1","Hippo"
"308","151449","GDF7","Hippo"
"309","154796","AMOT","Hippo"
"310","166824","RASSF6","Hippo"
"311","1739","DLG1","Hippo"
"312","174","AFP","Hippo"
"313","1740","DLG2","Hippo"
"314","1741","DLG3","Hippo"
"315","1742","DLG4","Hippo"
"316","1855","DVL1","Hippo"
"317","1856","DVL2","Hippo"
"318","1857","DVL3","Hippo"
"319","2246","FGF1","Hippo"
"320","23286","WWC1","Hippo"
"321","23291","FBXW11","Hippo"
"322","23418","CRB1","Hippo"
"323","23513","SCRIB","Hippo"
"324","2535","FZD2","Hippo"
"325","25937","WWTR1","Hippo"
"326","26524","LATS2","Hippo"
"327","268","AMH","Hippo"
"328","27113","BBC3","Hippo"
"329","2736","GLI2","Hippo"
"330","286204","CRB2","Hippo"
"331","29119","CTNNA3","Hippo"
"332","2932","GSK3B","Hippo"
"333","324","APC","Hippo"
"334","329","BIRC2","Hippo"
"335","330","BIRC3","Hippo"
"336","332","BIRC5","Hippo"
"337","3397","ID1","Hippo"
"338","3398","ID2","Hippo"
"339","353500","BMP8A","Hippo"
"340","3689","ITGB2","Hippo"
"341","374","AREG","Hippo"
"342","392255","GDF6","Hippo"
"343","3993","LLGL2","Hippo"
"344","3996","LLGL1","Hippo"
"345","4086","SMAD1","Hippo"
"346","4087","SMAD2","Hippo"
"347","4088","SMAD3","Hippo"
"348","4089","SMAD4","Hippo"
"349","4092","SMAD7","Hippo"
"350","4609","MYC","Hippo"
"351","4771","NF2","Hippo"
"352","5054","SERPINE1","Hippo"
"353","50855","PARD6A","Hippo"
"354","51176","LEF1","Hippo"
"355","51384","WNT16","Hippo"
"356","54361","WNT4","Hippo"
"357","5499","PPP1CA","Hippo"
"358","5500","PPP1CB","Hippo"
"359","5501","PPP1CC","Hippo"
"360","5515","PPP2CA","Hippo"
"361","5516","PPP2CB","Hippo"
"362","5518","PPP2R1A","Hippo"
"363","5519","PPP2R1B","Hippo"
"364","5520","PPP2R2A","Hippo"
"365","5521","PPP2R2B","Hippo"
"366","5522","PPP2R2C","Hippo"
"367","55233","MOB1A","Hippo"
"368","5584","PRKCI","Hippo"
"369","55844","PPP2R2D","Hippo"
"370","5590","PRKCZ","Hippo"
"371","56288","PARD3","Hippo"
"372","595","CCND1","Hippo"
"373","60","ACTB","Hippo"
"374","60485","SAV1","Hippo"
"375","64398","PALS1","Hippo"
"376","650","BMP2","Hippo"
"377","652","BMP4","Hippo"
"378","653","BMP5","Hippo"
"379","654","BMP6","Hippo"
"380","655","BMP7","Hippo"
"381","656","BMP8B","Hippo"
"382","657","BMPR1A","Hippo"
"383","658","BMPR1B","Hippo"
"384","659","BMPR2","Hippo"
"385","6591","SNAI2","Hippo"
"386","6657","SOX2","Hippo"
"387","6788","STK3","Hippo"
"388","6932","TCF7","Hippo"
"389","6934","TCF7L2","Hippo"
"390","7003","TEAD1","Hippo"
"391","7004","TEAD4","Hippo"
"392","7005","TEAD3","Hippo"
"393","7040","TGFB1","Hippo"
"394","7042","TGFB2","Hippo"
"395","7043","TGFB3","Hippo"
"396","7046","TGFBR1","Hippo"
"397","7048","TGFBR2","Hippo"
"398","71","ACTG1","Hippo"
"399","7159","TP53BP2","Hippo"
"400","7161","TP73","Hippo"
"401","7471","WNT1","Hippo"
"402","7472","WNT2","Hippo"
"403","7473","WNT3","Hippo"
"404","7474","WNT5A","Hippo"
"405","7475","WNT6","Hippo"
"406","7476","WNT7A","Hippo"
"407","7477","WNT7B","Hippo"
"408","7478","WNT8A","Hippo"
"409","7479","WNT8B","Hippo"
"410","7480","WNT10B","Hippo"
"411","7481","WNT11","Hippo"
"412","7482","WNT2B","Hippo"
"413","7483","WNT9A","Hippo"
"414","7484","WNT9B","Hippo"
"415","7529","YWHAB","Hippo"
"416","7531","YWHAE","Hippo"
"417","7532","YWHAG","Hippo"
"418","7533","YWHAH","Hippo"
"419","7534","YWHAZ","Hippo"
"420","7855","FZD5","Hippo"
"421","7976","FZD3","Hippo"
"422","79981","FRMD1","Hippo"
"423","80326","WNT10A","Hippo"
"424","81029","WNT5B","Hippo"
"425","8200","GDF5","Hippo"
"426","8312","AXIN1","Hippo"
"427","8313","AXIN2","Hippo"
"428","8321","FZD1","Hippo"
"429","8322","FZD4","Hippo"
"430","8323","FZD6","Hippo"
"431","8324","FZD7","Hippo"
"432","8325","FZD8","Hippo"
"433","8326","FZD9","Hippo"
"434","83439","TCF7L1","Hippo"
"435","84552","PARD6G","Hippo"
"436","84612","PARD6B","Hippo"
"437","8463","TEAD2","Hippo"
"438","84962","AJUBA","Hippo"
"439","85407","NKD1","Hippo"
"440","85409","NKD2","Hippo"
"441","894","CCND2","Hippo"
"442","8945","BTRC","Hippo"
"443","896","CCND3","Hippo"
"444","89780","WNT3A","Hippo"
"445","8994","LIMD1","Hippo"
"446","9113","LATS1","Hippo"
"447","9231","DLG5","Hippo"
"448","92597","MOB1B","Hippo"
"449","999","CDH1","Hippo"
